CREATE DATABASE event_portal;

USE event_portal;

-- Paste your CREATE TABLE and INSERT statements here
-- 1. Users Table
CREATE TABLE Users (
    user_id INT PRIMARY KEY AUTO_INCREMENT,
    full_name VARCHAR(100) NOT NULL,
    email VARCHAR(100) UNIQUE NOT NULL,
    city VARCHAR(100) NOT NULL,
    registration_date DATE NOT NULL
);

-- 2. Events Table
CREATE TABLE Events (
    event_id INT PRIMARY KEY AUTO_INCREMENT,
    title VARCHAR(200) NOT NULL,
    description TEXT,
    city VARCHAR(100) NOT NULL,
    start_date DATETIME NOT NULL,
    end_date DATETIME NOT NULL,
    status ENUM('upcoming', 'completed', 'cancelled'),
    organizer_id INT,
    FOREIGN KEY (organizer_id) REFERENCES Users(user_id)
);

-- 3. Sessions Table
CREATE TABLE Sessions (
    session_id INT PRIMARY KEY AUTO_INCREMENT,
    event_id INT,
    title VARCHAR(200) NOT NULL,
    speaker_name VARCHAR(100) NOT NULL,
    start_time DATETIME NOT NULL,
    end_time DATETIME NOT NULL,
    FOREIGN KEY (event_id) REFERENCES Events(event_id)
);

-- 4. Registrations Table
CREATE TABLE Registrations (
    registration_id INT PRIMARY KEY AUTO_INCREMENT,
    user_id INT,
    event_id INT,
    registration_date DATE NOT NULL,
    FOREIGN KEY (user_id) REFERENCES Users(user_id),
    FOREIGN KEY (event_id) REFERENCES Events(event_id)
);

-- 5. Feedback Table
CREATE TABLE Feedback (
    feedback_id INT PRIMARY KEY AUTO_INCREMENT,
    user_id INT,
    event_id INT,
    rating INT CHECK (rating BETWEEN 1 AND 5),
    comments TEXT,
    feedback_date DATE NOT NULL,
    FOREIGN KEY (user_id) REFERENCES Users(user_id),
    FOREIGN KEY (event_id) REFERENCES Events(event_id)
);

-- 6. Resources Table
CREATE TABLE Resources (
    resource_id INT PRIMARY KEY AUTO_INCREMENT,
    event_id INT,
    resource_type ENUM('pdf', 'image', 'link'),
    resource_url VARCHAR(255) NOT NULL,
    uploaded_at DATETIME NOT NULL,
    FOREIGN KEY (event_id) REFERENCES Events(event_id)
);

INSERT INTO Users (user_id, full_name, email, city, registration_date) VALUES
(1, 'Alice Johnson', 'alice@example.com', 'New York', '2024-12-01'),
(2, 'Bob Smith', 'bob@example.com', 'Los Angeles', '2024-12-05'),
(3, 'Charlie Lee', 'charlie@example.com', 'Chicago', '2024-12-10'),
(4, 'Diana King', 'diana@example.com', 'New York', '2025-01-15'),
(5, 'Ethan Hunt', 'ethan@example.com', 'Los Angeles', '2025-02-01');

INSERT INTO Events (event_id, title, description, city, start_date, end_date, status, organizer_id) VALUES
(1, 'Tech Innovators Meetup', 'A meetup for tech enthusiasts.', 'New York', '2025-06-10 10:00:00', '2025-06-10 16:00:00', 'upcoming', 1),
(2, 'AI & ML Conference', 'Conference on AI and ML advancements.', 'Chicago', '2025-05-15 09:00:00', '2025-05-15 17:00:00', 'completed', 3),
(3, 'Frontend Development Bootcamp', 'Hands-on training on frontend tech.', 'Los Angeles', '2025-07-01 10:00:00', '2025-07-03 16:00:00', 'upcoming', 2);


INSERT INTO Sessions (session_id, event_id, title, speaker_name, start_time, end_time) VALUES
(1, 1, 'Opening Keynote', 'Dr. Tech', '2025-06-10 10:00:00', '2025-06-10 11:00:00'),
(2, 1, 'Future of Web Dev', 'Alice Johnson', '2025-06-10 11:15:00', '2025-06-10 12:30:00'),
(3, 2, 'AI in Healthcare', 'Charlie Lee', '2025-05-15 09:30:00', '2025-05-15 11:00:00'),
(4, 3, 'Intro to HTML5', 'Bob Smith', '2025-07-01 10:00:00', '2025-07-01 12:00:00');

INSERT INTO Registrations (registration_id, user_id, event_id, registration_date) VALUES
(1, 1, 1, '2025-05-01'),
(2, 2, 1, '2025-05-02'),
(3, 3, 2, '2025-04-30'),
(4, 4, 2, '2025-04-28'),
(5, 5, 3, '2025-06-15');

INSERT INTO Feedback (feedback_id, user_id, event_id, rating, comments, feedback_date) VALUES
(1, 3, 2, 4, 'Great insights!', '2025-05-16'),
(2, 4, 2, 5, 'Very informative.', '2025-05-16'),
(3, 2, 1, 3, 'Could be better.', '2025-06-11');

INSERT INTO Resources (resource_id, event_id, resource_type, resource_url, uploaded_at) VALUES
(1, 1, 'pdf', 'https://portal.com/resources/tech_meetup_agenda.pdf', '2025-05-01 10:00:00'),
(2, 2, 'image', 'https://portal.com/resources/ai_poster.jpg', '2025-04-20 09:00:00'),
(3, 3, 'link', 'https://portal.com/resources/html5_docs', '2025-06-25 15:00:00');


SELECT u.full_name, e.title, e.city, e.start_date
FROM Users u
JOIN Registrations r ON u.user_id = r.user_id
JOIN Events e ON r.event_id = e.event_id
WHERE e.status = 'upcoming' AND u.city = e.city
ORDER BY e.start_date;


SELECT e.title, AVG(f.rating) AS avg_rating
FROM Feedback f
JOIN Events e ON f.event_id = e.event_id
GROUP BY f.event_id
HAVING COUNT(f.feedback_id) >= 10
ORDER BY avg_rating DESC;


SELECT *
FROM Users
WHERE user_id NOT IN (
  SELECT user_id FROM Registrations
  WHERE registration_date >= CURDATE() - INTERVAL 90 DAY
);

SELECT e.title, COUNT(s.session_id) AS session_count
FROM Events e
JOIN Sessions s ON e.event_id = s.event_id
WHERE TIME(s.start_time) BETWEEN '10:00:00' AND '12:00:00'
GROUP BY e.event_id;


SELECT u.city, COUNT(DISTINCT r.user_id) AS user_count
FROM Users u
JOIN Registrations r ON u.user_id = r.user_id
GROUP BY u.city
ORDER BY user_count DESC
LIMIT 5;


SELECT e.title,
  SUM(resource_type = 'pdf') AS pdfs,
  SUM(resource_type = 'image') AS images,
  SUM(resource_type = 'link') AS links
FROM Events e
LEFT JOIN Resources r ON e.event_id = r.event_id
GROUP BY e.event_id;


SELECT u.full_name, e.title, f.rating, f.comments
FROM Feedback f
JOIN Users u ON f.user_id = u.user_id
JOIN Events e ON f.event_id = e.event_id
WHERE f.rating < 3;


SELECT e.title, COUNT(s.session_id) AS session_count
FROM Events e
LEFT JOIN Sessions s ON e.event_id = s.event_id
WHERE e.status = 'upcoming'
GROUP BY e.event_id;

SELECT u.full_name, e.status, COUNT(e.event_id) AS total_events
FROM Events e
JOIN Users u ON e.organizer_id = u.user_id
GROUP BY u.user_id, e.status;

SELECT DISTINCT e.title
FROM Events e
JOIN Registrations r ON e.event_id = r.event_id
WHERE e.event_id NOT IN (
  SELECT DISTINCT event_id FROM Feedback
);

SELECT registration_date, COUNT(*) AS new_users
FROM Users
WHERE registration_date >= CURDATE() - INTERVAL 7 DAY
GROUP BY registration_date;

SELECT e.title, COUNT(s.session_id) AS session_count
FROM Events e
JOIN Sessions s ON e.event_id = s.event_id
GROUP BY e.event_id
HAVING session_count = (
  SELECT MAX(session_count)
  FROM (
    SELECT COUNT(session_id) AS session_count
    FROM Sessions
    GROUP BY event_id
  ) AS counts
);


SELECT e.city, AVG(f.rating) AS avg_rating
FROM Feedback f
JOIN Events e ON f.event_id = e.event_id
GROUP BY e.city;


SELECT e.title, COUNT(r.registration_id) AS total_registrations
FROM Events e
JOIN Registrations r ON e.event_id = r.event_id
GROUP BY e.event_id
ORDER BY total_registrations DESC
LIMIT 3;


SELECT s1.event_id, s1.title AS session1, s2.title AS session2
FROM Sessions s1
JOIN Sessions s2 ON s1.event_id = s2.event_id AND s1.session_id < s2.session_id
WHERE s1.start_time < s2.end_time AND s1.end_time > s2.start_time;


SELECT * FROM Users
WHERE registration_date >= CURDATE() - INTERVAL 30 DAY
AND user_id NOT IN (
  SELECT DISTINCT user_id FROM Registrations
);


SELECT speaker_name, COUNT(*) AS session_count
FROM Sessions
GROUP BY speaker_name
HAVING COUNT(*) > 1;

SELECT e.title
FROM Events e
LEFT JOIN Resources r ON e.event_id = r.event_id
WHERE r.resource_id IS NULL;


SELECT e.title, COUNT(DISTINCT r.registration_id) AS total_registrations,
       AVG(f.rating) AS avg_rating
FROM Events e
LEFT JOIN Registrations r ON e.event_id = r.event_id
LEFT JOIN Feedback f ON e.event_id = f.event_id
WHERE e.status = 'completed'
GROUP BY e.event_id;


SELECT u.full_name,
       COUNT(DISTINCT r.event_id) AS events_attended,
       COUNT(DISTINCT f.feedback_id) AS feedbacks_given
FROM Users u
LEFT JOIN Registrations r ON u.user_id = r.user_id
LEFT JOIN Feedback f ON u.user_id = f.user_id
GROUP BY u.user_id;

SELECT u.full_name, COUNT(f.feedback_id) AS feedback_count
FROM Feedback f
JOIN Users u ON f.user_id = u.user_id
GROUP BY u.user_id
ORDER BY feedback_count DESC
LIMIT 5;


SELECT user_id, event_id, COUNT(*) AS reg_count
FROM Registrations
GROUP BY user_id, event_id
HAVING reg_count > 1;


SELECT DATE_FORMAT(registration_date, '%Y-%m') AS month, COUNT(*) AS registrations
FROM Registrations
WHERE registration_date >= CURDATE() - INTERVAL 12 MONTH
GROUP BY month
ORDER BY month;

SELECT e.title,
       ROUND(AVG(TIMESTAMPDIFF(MINUTE, s.start_time, s.end_time)), 2) AS avg_duration_mins
FROM Events e
JOIN Sessions s ON e.event_id = s.event_id
GROUP BY e.event_id;


SELECT e.title
FROM Events e
LEFT JOIN Sessions s ON e.event_id = s.event_id
WHERE s.session_id IS NULL;
